<application>
  <component name="ProjectJdkTable">
    <jdk version="2">
      <name value="graalvm-jdk-17" />
      <type value="JavaSDK" />
      <version value="GraalVM version 17.0.9" />
      <homePath value="$USER_HOME$/.jdks/graalvm-jdk-17.0.9" />
      <roots>
        <annotationsPath>
          <root type="composite">
            <root url="jar://$APPLICATION_HOME_DIR$/plugins/java/lib/resources/jdkAnnotations.jar!/" type="simple" />
          </root>
        </annotationsPath>
        <classPath>
          <root type="composite">
            <root url="jrt://$USER_HOME$/.jdks/graalvm-jdk-17.0.9!/com.oracle.graal.graal_enterprise" type="simple" />
            <root url="jrt://$USER_HOME$/.jdks/graalvm-jdk-17.0.9!/com.oracle.svm.extraimage_enterprise" type="simple" />
            <root url="jrt://$USER_HOME$/.jdks/graalvm-jdk-17.0.9!/com.oracle.svm.svm_enterprise" type="simple" />
            <root url="jrt://$USER_HOME$/.jdks/graalvm-jdk-17.0.9!/com.oracle.svm_enterprise.ml_dataset" type="simple" />
            <root url="jrt://$USER_HOME$/.jdks/graalvm-jdk-17.0.9!/java.base" type="simple" />
            <root url="jrt://$USER_HOME$/.jdks/graalvm-jdk-17.0.9!/java.compiler" type="simple" />
            <root url="jrt://$USER_HOME$/.jdks/graalvm-jdk-17.0.9!/java.datatransfer" type="simple" />
            <root url="jrt://$USER_HOME$/.jdks/graalvm-jdk-17.0.9!/java.desktop" type="simple" />
            <root url="jrt://$USER_HOME$/.jdks/graalvm-jdk-17.0.9!/java.instrument" type="simple" />
            <root url="jrt://$USER_HOME$/.jdks/graalvm-jdk-17.0.9!/java.logging" type="simple" />
            <root url="jrt://$USER_HOME$/.jdks/graalvm-jdk-17.0.9!/java.management" type="simple" />
            <root url="jrt://$USER_HOME$/.jdks/graalvm-jdk-17.0.9!/java.management.rmi" type="simple" />
            <root url="jrt://$USER_HOME$/.jdks/graalvm-jdk-17.0.9!/java.naming" type="simple" />
            <root url="jrt://$USER_HOME$/.jdks/graalvm-jdk-17.0.9!/java.net.http" type="simple" />
            <root url="jrt://$USER_HOME$/.jdks/graalvm-jdk-17.0.9!/java.prefs" type="simple" />
            <root url="jrt://$USER_HOME$/.jdks/graalvm-jdk-17.0.9!/java.rmi" type="simple" />
            <root url="jrt://$USER_HOME$/.jdks/graalvm-jdk-17.0.9!/java.scripting" type="simple" />
            <root url="jrt://$USER_HOME$/.jdks/graalvm-jdk-17.0.9!/java.se" type="simple" />
            <root url="jrt://$USER_HOME$/.jdks/graalvm-jdk-17.0.9!/java.security.jgss" type="simple" />
            <root url="jrt://$USER_HOME$/.jdks/graalvm-jdk-17.0.9!/java.security.sasl" type="simple" />
            <root url="jrt://$USER_HOME$/.jdks/graalvm-jdk-17.0.9!/java.smartcardio" type="simple" />
            <root url="jrt://$USER_HOME$/.jdks/graalvm-jdk-17.0.9!/java.sql" type="simple" />
            <root url="jrt://$USER_HOME$/.jdks/graalvm-jdk-17.0.9!/java.sql.rowset" type="simple" />
            <root url="jrt://$USER_HOME$/.jdks/graalvm-jdk-17.0.9!/java.transaction.xa" type="simple" />
            <root url="jrt://$USER_HOME$/.jdks/graalvm-jdk-17.0.9!/java.xml" type="simple" />
            <root url="jrt://$USER_HOME$/.jdks/graalvm-jdk-17.0.9!/java.xml.crypto" type="simple" />
            <root url="jrt://$USER_HOME$/.jdks/graalvm-jdk-17.0.9!/jdk.accessibility" type="simple" />
            <root url="jrt://$USER_HOME$/.jdks/graalvm-jdk-17.0.9!/jdk.attach" type="simple" />
            <root url="jrt://$USER_HOME$/.jdks/graalvm-jdk-17.0.9!/jdk.charsets" type="simple" />
            <root url="jrt://$USER_HOME$/.jdks/graalvm-jdk-17.0.9!/jdk.compiler" type="simple" />
            <root url="jrt://$USER_HOME$/.jdks/graalvm-jdk-17.0.9!/jdk.crypto.cryptoki" type="simple" />
            <root url="jrt://$USER_HOME$/.jdks/graalvm-jdk-17.0.9!/jdk.crypto.ec" type="simple" />
            <root url="jrt://$USER_HOME$/.jdks/graalvm-jdk-17.0.9!/jdk.dynalink" type="simple" />
            <root url="jrt://$USER_HOME$/.jdks/graalvm-jdk-17.0.9!/jdk.editpad" type="simple" />
            <root url="jrt://$USER_HOME$/.jdks/graalvm-jdk-17.0.9!/jdk.hotspot.agent" type="simple" />
            <root url="jrt://$USER_HOME$/.jdks/graalvm-jdk-17.0.9!/jdk.httpserver" type="simple" />
            <root url="jrt://$USER_HOME$/.jdks/graalvm-jdk-17.0.9!/jdk.incubator.foreign" type="simple" />
            <root url="jrt://$USER_HOME$/.jdks/graalvm-jdk-17.0.9!/jdk.incubator.vector" type="simple" />
            <root url="jrt://$USER_HOME$/.jdks/graalvm-jdk-17.0.9!/jdk.internal.ed" type="simple" />
            <root url="jrt://$USER_HOME$/.jdks/graalvm-jdk-17.0.9!/jdk.internal.jvmstat" type="simple" />
            <root url="jrt://$USER_HOME$/.jdks/graalvm-jdk-17.0.9!/jdk.internal.le" type="simple" />
            <root url="jrt://$USER_HOME$/.jdks/graalvm-jdk-17.0.9!/jdk.internal.opt" type="simple" />
            <root url="jrt://$USER_HOME$/.jdks/graalvm-jdk-17.0.9!/jdk.internal.vm.ci" type="simple" />
            <root url="jrt://$USER_HOME$/.jdks/graalvm-jdk-17.0.9!/jdk.internal.vm.compiler" type="simple" />
            <root url="jrt://$USER_HOME$/.jdks/graalvm-jdk-17.0.9!/jdk.internal.vm.compiler.management" type="simple" />
            <root url="jrt://$USER_HOME$/.jdks/graalvm-jdk-17.0.9!/jdk.internal.vm.compiler.truffle.jfr" type="simple" />
            <root url="jrt://$USER_HOME$/.jdks/graalvm-jdk-17.0.9!/jdk.jartool" type="simple" />
            <root url="jrt://$USER_HOME$/.jdks/graalvm-jdk-17.0.9!/jdk.javadoc" type="simple" />
            <root url="jrt://$USER_HOME$/.jdks/graalvm-jdk-17.0.9!/jdk.jcmd" type="simple" />
            <root url="jrt://$USER_HOME$/.jdks/graalvm-jdk-17.0.9!/jdk.jconsole" type="simple" />
            <root url="jrt://$USER_HOME$/.jdks/graalvm-jdk-17.0.9!/jdk.jdeps" type="simple" />
            <root url="jrt://$USER_HOME$/.jdks/graalvm-jdk-17.0.9!/jdk.jdi" type="simple" />
            <root url="jrt://$USER_HOME$/.jdks/graalvm-jdk-17.0.9!/jdk.jdwp.agent" type="simple" />
            <root url="jrt://$USER_HOME$/.jdks/graalvm-jdk-17.0.9!/jdk.jfr" type="simple" />
            <root url="jrt://$USER_HOME$/.jdks/graalvm-jdk-17.0.9!/jdk.jlink" type="simple" />
            <root url="jrt://$USER_HOME$/.jdks/graalvm-jdk-17.0.9!/jdk.jpackage" type="simple" />
            <root url="jrt://$USER_HOME$/.jdks/graalvm-jdk-17.0.9!/jdk.jshell" type="simple" />
            <root url="jrt://$USER_HOME$/.jdks/graalvm-jdk-17.0.9!/jdk.jsobject" type="simple" />
            <root url="jrt://$USER_HOME$/.jdks/graalvm-jdk-17.0.9!/jdk.jstatd" type="simple" />
            <root url="jrt://$USER_HOME$/.jdks/graalvm-jdk-17.0.9!/jdk.localedata" type="simple" />
            <root url="jrt://$USER_HOME$/.jdks/graalvm-jdk-17.0.9!/jdk.management" type="simple" />
            <root url="jrt://$USER_HOME$/.jdks/graalvm-jdk-17.0.9!/jdk.management.agent" type="simple" />
            <root url="jrt://$USER_HOME$/.jdks/graalvm-jdk-17.0.9!/jdk.management.jfr" type="simple" />
            <root url="jrt://$USER_HOME$/.jdks/graalvm-jdk-17.0.9!/jdk.naming.dns" type="simple" />
            <root url="jrt://$USER_HOME$/.jdks/graalvm-jdk-17.0.9!/jdk.naming.rmi" type="simple" />
            <root url="jrt://$USER_HOME$/.jdks/graalvm-jdk-17.0.9!/jdk.net" type="simple" />
            <root url="jrt://$USER_HOME$/.jdks/graalvm-jdk-17.0.9!/jdk.nio.mapmode" type="simple" />
            <root url="jrt://$USER_HOME$/.jdks/graalvm-jdk-17.0.9!/jdk.random" type="simple" />
            <root url="jrt://$USER_HOME$/.jdks/graalvm-jdk-17.0.9!/jdk.sctp" type="simple" />
            <root url="jrt://$USER_HOME$/.jdks/graalvm-jdk-17.0.9!/jdk.security.auth" type="simple" />
            <root url="jrt://$USER_HOME$/.jdks/graalvm-jdk-17.0.9!/jdk.security.jgss" type="simple" />
            <root url="jrt://$USER_HOME$/.jdks/graalvm-jdk-17.0.9!/jdk.unsupported" type="simple" />
            <root url="jrt://$USER_HOME$/.jdks/graalvm-jdk-17.0.9!/jdk.unsupported.desktop" type="simple" />
            <root url="jrt://$USER_HOME$/.jdks/graalvm-jdk-17.0.9!/jdk.xml.dom" type="simple" />
            <root url="jrt://$USER_HOME$/.jdks/graalvm-jdk-17.0.9!/jdk.zipfs" type="simple" />
            <root url="jrt://$USER_HOME$/.jdks/graalvm-jdk-17.0.9!/org.graalvm.extraimage.builder" type="simple" />
            <root url="jrt://$USER_HOME$/.jdks/graalvm-jdk-17.0.9!/org.graalvm.js.scriptengine" type="simple" />
            <root url="jrt://$USER_HOME$/.jdks/graalvm-jdk-17.0.9!/org.graalvm.locator" type="simple" />
            <root url="jrt://$USER_HOME$/.jdks/graalvm-jdk-17.0.9!/org.graalvm.sdk" type="simple" />
            <root url="jrt://$USER_HOME$/.jdks/graalvm-jdk-17.0.9!/org.graalvm.truffle" type="simple" />
          </root>
        </classPath>
        <javadocPath>
          <root type="composite" />
        </javadocPath>
        <sourcePath>
          <root type="composite">
            <root url="jar://$USER_HOME$/.jdks/graalvm-jdk-17.0.9/lib/src.zip!/java.se" type="simple" />
            <root url="jar://$USER_HOME$/.jdks/graalvm-jdk-17.0.9/lib/src.zip!/jdk.jdi" type="simple" />
            <root url="jar://$USER_HOME$/.jdks/graalvm-jdk-17.0.9/lib/src.zip!/jdk.jfr" type="simple" />
            <root url="jar://$USER_HOME$/.jdks/graalvm-jdk-17.0.9/lib/src.zip!/jdk.net" type="simple" />
            <root url="jar://$USER_HOME$/.jdks/graalvm-jdk-17.0.9/lib/src.zip!/java.rmi" type="simple" />
            <root url="jar://$USER_HOME$/.jdks/graalvm-jdk-17.0.9/lib/src.zip!/java.sql" type="simple" />
            <root url="jar://$USER_HOME$/.jdks/graalvm-jdk-17.0.9/lib/src.zip!/java.xml" type="simple" />
            <root url="jar://$USER_HOME$/.jdks/graalvm-jdk-17.0.9/lib/src.zip!/jdk.jcmd" type="simple" />
            <root url="jar://$USER_HOME$/.jdks/graalvm-jdk-17.0.9/lib/src.zip!/jdk.sctp" type="simple" />
            <root url="jar://$USER_HOME$/.jdks/graalvm-jdk-17.0.9/lib/src.zip!/java.base" type="simple" />
            <root url="jar://$USER_HOME$/.jdks/graalvm-jdk-17.0.9/lib/src.zip!/jdk.jdeps" type="simple" />
            <root url="jar://$USER_HOME$/.jdks/graalvm-jdk-17.0.9/lib/src.zip!/jdk.jlink" type="simple" />
            <root url="jar://$USER_HOME$/.jdks/graalvm-jdk-17.0.9/lib/src.zip!/jdk.zipfs" type="simple" />
            <root url="jar://$USER_HOME$/.jdks/graalvm-jdk-17.0.9/lib/src.zip!/java.prefs" type="simple" />
            <root url="jar://$USER_HOME$/.jdks/graalvm-jdk-17.0.9/lib/src.zip!/jdk.attach" type="simple" />
            <root url="jar://$USER_HOME$/.jdks/graalvm-jdk-17.0.9/lib/src.zip!/jdk.jshell" type="simple" />
            <root url="jar://$USER_HOME$/.jdks/graalvm-jdk-17.0.9/lib/src.zip!/jdk.jstatd" type="simple" />
            <root url="jar://$USER_HOME$/.jdks/graalvm-jdk-17.0.9/lib/src.zip!/jdk.random" type="simple" />
            <root url="jar://$USER_HOME$/.jdks/graalvm-jdk-17.0.9/lib/src.zip!/java.naming" type="simple" />
            <root url="jar://$USER_HOME$/.jdks/graalvm-jdk-17.0.9/lib/src.zip!/jdk.editpad" type="simple" />
            <root url="jar://$USER_HOME$/.jdks/graalvm-jdk-17.0.9/lib/src.zip!/jdk.jartool" type="simple" />
            <root url="jar://$USER_HOME$/.jdks/graalvm-jdk-17.0.9/lib/src.zip!/jdk.javadoc" type="simple" />
            <root url="jar://$USER_HOME$/.jdks/graalvm-jdk-17.0.9/lib/src.zip!/jdk.xml.dom" type="simple" />
            <root url="jar://$USER_HOME$/.jdks/graalvm-jdk-17.0.9/lib/src.zip!/java.desktop" type="simple" />
            <root url="jar://$USER_HOME$/.jdks/graalvm-jdk-17.0.9/lib/src.zip!/java.logging" type="simple" />
            <root url="jar://$USER_HOME$/.jdks/graalvm-jdk-17.0.9/lib/src.zip!/jdk.charsets" type="simple" />
            <root url="jar://$USER_HOME$/.jdks/graalvm-jdk-17.0.9/lib/src.zip!/jdk.compiler" type="simple" />
            <root url="jar://$USER_HOME$/.jdks/graalvm-jdk-17.0.9/lib/src.zip!/jdk.dynalink" type="simple" />
            <root url="jar://$USER_HOME$/.jdks/graalvm-jdk-17.0.9/lib/src.zip!/jdk.jconsole" type="simple" />
            <root url="jar://$USER_HOME$/.jdks/graalvm-jdk-17.0.9/lib/src.zip!/jdk.jpackage" type="simple" />
            <root url="jar://$USER_HOME$/.jdks/graalvm-jdk-17.0.9/lib/src.zip!/jdk.jsobject" type="simple" />
            <root url="jar://$USER_HOME$/.jdks/graalvm-jdk-17.0.9/lib/src.zip!/java.compiler" type="simple" />
            <root url="jar://$USER_HOME$/.jdks/graalvm-jdk-17.0.9/lib/src.zip!/java.net.http" type="simple" />
            <root url="jar://$USER_HOME$/.jdks/graalvm-jdk-17.0.9/lib/src.zip!/jdk.crypto.ec" type="simple" />
            <root url="jar://$USER_HOME$/.jdks/graalvm-jdk-17.0.9/lib/src.zip!/java.scripting" type="simple" />
            <root url="jar://$USER_HOME$/.jdks/graalvm-jdk-17.0.9/lib/src.zip!/jdk.httpserver" type="simple" />
            <root url="jar://$USER_HOME$/.jdks/graalvm-jdk-17.0.9/lib/src.zip!/jdk.jdwp.agent" type="simple" />
            <root url="jar://$USER_HOME$/.jdks/graalvm-jdk-17.0.9/lib/src.zip!/jdk.localedata" type="simple" />
            <root url="jar://$USER_HOME$/.jdks/graalvm-jdk-17.0.9/lib/src.zip!/jdk.management" type="simple" />
            <root url="jar://$USER_HOME$/.jdks/graalvm-jdk-17.0.9/lib/src.zip!/jdk.naming.dns" type="simple" />
            <root url="jar://$USER_HOME$/.jdks/graalvm-jdk-17.0.9/lib/src.zip!/jdk.naming.rmi" type="simple" />
            <root url="jar://$USER_HOME$/.jdks/graalvm-jdk-17.0.9/lib/src.zip!/java.instrument" type="simple" />
            <root url="jar://$USER_HOME$/.jdks/graalvm-jdk-17.0.9/lib/src.zip!/java.management" type="simple" />
            <root url="jar://$USER_HOME$/.jdks/graalvm-jdk-17.0.9/lib/src.zip!/java.sql.rowset" type="simple" />
            <root url="jar://$USER_HOME$/.jdks/graalvm-jdk-17.0.9/lib/src.zip!/java.xml.crypto" type="simple" />
            <root url="jar://$USER_HOME$/.jdks/graalvm-jdk-17.0.9/lib/src.zip!/jdk.internal.ed" type="simple" />
            <root url="jar://$USER_HOME$/.jdks/graalvm-jdk-17.0.9/lib/src.zip!/jdk.internal.le" type="simple" />
            <root url="jar://$USER_HOME$/.jdks/graalvm-jdk-17.0.9/lib/src.zip!/jdk.nio.mapmode" type="simple" />
            <root url="jar://$USER_HOME$/.jdks/graalvm-jdk-17.0.9/lib/src.zip!/jdk.unsupported" type="simple" />
            <root url="jar://$USER_HOME$/.jdks/graalvm-jdk-17.0.9/lib/src.zip!/org.graalvm.sdk" type="simple" />
            <root url="jar://$USER_HOME$/.jdks/graalvm-jdk-17.0.9/lib/src.zip!/java.smartcardio" type="simple" />
            <root url="jar://$USER_HOME$/.jdks/graalvm-jdk-17.0.9/lib/src.zip!/jdk.internal.opt" type="simple" />
            <root url="jar://$USER_HOME$/.jdks/graalvm-jdk-17.0.9/lib/src.zip!/java.datatransfer" type="simple" />
            <root url="jar://$USER_HOME$/.jdks/graalvm-jdk-17.0.9/lib/src.zip!/jdk.accessibility" type="simple" />
            <root url="jar://$USER_HOME$/.jdks/graalvm-jdk-17.0.9/lib/src.zip!/jdk.hotspot.agent" type="simple" />
            <root url="jar://$USER_HOME$/.jdks/graalvm-jdk-17.0.9/lib/src.zip!/jdk.security.auth" type="simple" />
            <root url="jar://$USER_HOME$/.jdks/graalvm-jdk-17.0.9/lib/src.zip!/jdk.security.jgss" type="simple" />
            <root url="jar://$USER_HOME$/.jdks/graalvm-jdk-17.0.9/lib/src.zip!/java.security.jgss" type="simple" />
            <root url="jar://$USER_HOME$/.jdks/graalvm-jdk-17.0.9/lib/src.zip!/java.security.sasl" type="simple" />
            <root url="jar://$USER_HOME$/.jdks/graalvm-jdk-17.0.9/lib/src.zip!/jdk.internal.vm.ci" type="simple" />
            <root url="jar://$USER_HOME$/.jdks/graalvm-jdk-17.0.9/lib/src.zip!/jdk.management.jfr" type="simple" />
            <root url="jar://$USER_HOME$/.jdks/graalvm-jdk-17.0.9/lib/src.zip!/java.management.rmi" type="simple" />
            <root url="jar://$USER_HOME$/.jdks/graalvm-jdk-17.0.9/lib/src.zip!/java.transaction.xa" type="simple" />
            <root url="jar://$USER_HOME$/.jdks/graalvm-jdk-17.0.9/lib/src.zip!/jdk.crypto.cryptoki" type="simple" />
            <root url="jar://$USER_HOME$/.jdks/graalvm-jdk-17.0.9/lib/src.zip!/org.graalvm.locator" type="simple" />
            <root url="jar://$USER_HOME$/.jdks/graalvm-jdk-17.0.9/lib/src.zip!/org.graalvm.truffle" type="simple" />
            <root url="jar://$USER_HOME$/.jdks/graalvm-jdk-17.0.9/lib/src.zip!/jdk.incubator.vector" type="simple" />
            <root url="jar://$USER_HOME$/.jdks/graalvm-jdk-17.0.9/lib/src.zip!/jdk.internal.jvmstat" type="simple" />
            <root url="jar://$USER_HOME$/.jdks/graalvm-jdk-17.0.9/lib/src.zip!/jdk.management.agent" type="simple" />
            <root url="jar://$USER_HOME$/.jdks/graalvm-jdk-17.0.9/lib/src.zip!/jdk.incubator.foreign" type="simple" />
            <root url="jar://$USER_HOME$/.jdks/graalvm-jdk-17.0.9/lib/src.zip!/jdk.unsupported.desktop" type="simple" />
            <root url="jar://$USER_HOME$/.jdks/graalvm-jdk-17.0.9/lib/src.zip!/jdk.internal.vm.compiler" type="simple" />
            <root url="jar://$USER_HOME$/.jdks/graalvm-jdk-17.0.9/lib/src.zip!/org.graalvm.js.scriptengine" type="simple" />
            <root url="jar://$USER_HOME$/.jdks/graalvm-jdk-17.0.9/lib/src.zip!/com.oracle.svm.svm_enterprise" type="simple" />
            <root url="jar://$USER_HOME$/.jdks/graalvm-jdk-17.0.9/lib/src.zip!/org.graalvm.extraimage.builder" type="simple" />
            <root url="jar://$USER_HOME$/.jdks/graalvm-jdk-17.0.9/lib/src.zip!/com.oracle.graal.graal_enterprise" type="simple" />
            <root url="jar://$USER_HOME$/.jdks/graalvm-jdk-17.0.9/lib/src.zip!/jdk.internal.vm.compiler.management" type="simple" />
            <root url="jar://$USER_HOME$/.jdks/graalvm-jdk-17.0.9/lib/src.zip!/com.oracle.svm.extraimage_enterprise" type="simple" />
            <root url="jar://$USER_HOME$/.jdks/graalvm-jdk-17.0.9/lib/src.zip!/com.oracle.svm_enterprise.ml_dataset" type="simple" />
            <root url="jar://$USER_HOME$/.jdks/graalvm-jdk-17.0.9/lib/src.zip!/jdk.internal.vm.compiler.truffle.jfr" type="simple" />
          </root>
        </sourcePath>
      </roots>
      <additional />
    </jdk>
    <jdk version="2">
      <name value="temurin-18" />
      <type value="JavaSDK" />
      <homePath value="$USER_HOME$/.gradle/jdks/eclipse_adoptium-18-amd64-linux/jdk-18.0.2.1+1" />
      <roots>
        <annotationsPath>
          <root type="composite">
            <root url="jar://$APPLICATION_HOME_DIR$/plugins/java/lib/resources/jdkAnnotations.jar!/" type="simple" />
          </root>
        </annotationsPath>
        <classPath>
          <root type="composite">
            <root url="jrt://$USER_HOME$/.gradle/jdks/eclipse_adoptium-18-amd64-linux/jdk-18.0.2.1+1!/java.base" type="simple" />
            <root url="jrt://$USER_HOME$/.gradle/jdks/eclipse_adoptium-18-amd64-linux/jdk-18.0.2.1+1!/java.compiler" type="simple" />
            <root url="jrt://$USER_HOME$/.gradle/jdks/eclipse_adoptium-18-amd64-linux/jdk-18.0.2.1+1!/java.datatransfer" type="simple" />
            <root url="jrt://$USER_HOME$/.gradle/jdks/eclipse_adoptium-18-amd64-linux/jdk-18.0.2.1+1!/java.desktop" type="simple" />
            <root url="jrt://$USER_HOME$/.gradle/jdks/eclipse_adoptium-18-amd64-linux/jdk-18.0.2.1+1!/java.instrument" type="simple" />
            <root url="jrt://$USER_HOME$/.gradle/jdks/eclipse_adoptium-18-amd64-linux/jdk-18.0.2.1+1!/java.logging" type="simple" />
            <root url="jrt://$USER_HOME$/.gradle/jdks/eclipse_adoptium-18-amd64-linux/jdk-18.0.2.1+1!/java.management" type="simple" />
            <root url="jrt://$USER_HOME$/.gradle/jdks/eclipse_adoptium-18-amd64-linux/jdk-18.0.2.1+1!/java.management.rmi" type="simple" />
            <root url="jrt://$USER_HOME$/.gradle/jdks/eclipse_adoptium-18-amd64-linux/jdk-18.0.2.1+1!/java.naming" type="simple" />
            <root url="jrt://$USER_HOME$/.gradle/jdks/eclipse_adoptium-18-amd64-linux/jdk-18.0.2.1+1!/java.net.http" type="simple" />
            <root url="jrt://$USER_HOME$/.gradle/jdks/eclipse_adoptium-18-amd64-linux/jdk-18.0.2.1+1!/java.prefs" type="simple" />
            <root url="jrt://$USER_HOME$/.gradle/jdks/eclipse_adoptium-18-amd64-linux/jdk-18.0.2.1+1!/java.rmi" type="simple" />
            <root url="jrt://$USER_HOME$/.gradle/jdks/eclipse_adoptium-18-amd64-linux/jdk-18.0.2.1+1!/java.scripting" type="simple" />
            <root url="jrt://$USER_HOME$/.gradle/jdks/eclipse_adoptium-18-amd64-linux/jdk-18.0.2.1+1!/java.se" type="simple" />
            <root url="jrt://$USER_HOME$/.gradle/jdks/eclipse_adoptium-18-amd64-linux/jdk-18.0.2.1+1!/java.security.jgss" type="simple" />
            <root url="jrt://$USER_HOME$/.gradle/jdks/eclipse_adoptium-18-amd64-linux/jdk-18.0.2.1+1!/java.security.sasl" type="simple" />
            <root url="jrt://$USER_HOME$/.gradle/jdks/eclipse_adoptium-18-amd64-linux/jdk-18.0.2.1+1!/java.smartcardio" type="simple" />
            <root url="jrt://$USER_HOME$/.gradle/jdks/eclipse_adoptium-18-amd64-linux/jdk-18.0.2.1+1!/java.sql" type="simple" />
            <root url="jrt://$USER_HOME$/.gradle/jdks/eclipse_adoptium-18-amd64-linux/jdk-18.0.2.1+1!/java.sql.rowset" type="simple" />
            <root url="jrt://$USER_HOME$/.gradle/jdks/eclipse_adoptium-18-amd64-linux/jdk-18.0.2.1+1!/java.transaction.xa" type="simple" />
            <root url="jrt://$USER_HOME$/.gradle/jdks/eclipse_adoptium-18-amd64-linux/jdk-18.0.2.1+1!/java.xml" type="simple" />
            <root url="jrt://$USER_HOME$/.gradle/jdks/eclipse_adoptium-18-amd64-linux/jdk-18.0.2.1+1!/java.xml.crypto" type="simple" />
            <root url="jrt://$USER_HOME$/.gradle/jdks/eclipse_adoptium-18-amd64-linux/jdk-18.0.2.1+1!/jdk.accessibility" type="simple" />
            <root url="jrt://$USER_HOME$/.gradle/jdks/eclipse_adoptium-18-amd64-linux/jdk-18.0.2.1+1!/jdk.attach" type="simple" />
            <root url="jrt://$USER_HOME$/.gradle/jdks/eclipse_adoptium-18-amd64-linux/jdk-18.0.2.1+1!/jdk.charsets" type="simple" />
            <root url="jrt://$USER_HOME$/.gradle/jdks/eclipse_adoptium-18-amd64-linux/jdk-18.0.2.1+1!/jdk.compiler" type="simple" />
            <root url="jrt://$USER_HOME$/.gradle/jdks/eclipse_adoptium-18-amd64-linux/jdk-18.0.2.1+1!/jdk.crypto.cryptoki" type="simple" />
            <root url="jrt://$USER_HOME$/.gradle/jdks/eclipse_adoptium-18-amd64-linux/jdk-18.0.2.1+1!/jdk.crypto.ec" type="simple" />
            <root url="jrt://$USER_HOME$/.gradle/jdks/eclipse_adoptium-18-amd64-linux/jdk-18.0.2.1+1!/jdk.dynalink" type="simple" />
            <root url="jrt://$USER_HOME$/.gradle/jdks/eclipse_adoptium-18-amd64-linux/jdk-18.0.2.1+1!/jdk.editpad" type="simple" />
            <root url="jrt://$USER_HOME$/.gradle/jdks/eclipse_adoptium-18-amd64-linux/jdk-18.0.2.1+1!/jdk.hotspot.agent" type="simple" />
            <root url="jrt://$USER_HOME$/.gradle/jdks/eclipse_adoptium-18-amd64-linux/jdk-18.0.2.1+1!/jdk.httpserver" type="simple" />
            <root url="jrt://$USER_HOME$/.gradle/jdks/eclipse_adoptium-18-amd64-linux/jdk-18.0.2.1+1!/jdk.incubator.foreign" type="simple" />
            <root url="jrt://$USER_HOME$/.gradle/jdks/eclipse_adoptium-18-amd64-linux/jdk-18.0.2.1+1!/jdk.incubator.vector" type="simple" />
            <root url="jrt://$USER_HOME$/.gradle/jdks/eclipse_adoptium-18-amd64-linux/jdk-18.0.2.1+1!/jdk.internal.ed" type="simple" />
            <root url="jrt://$USER_HOME$/.gradle/jdks/eclipse_adoptium-18-amd64-linux/jdk-18.0.2.1+1!/jdk.internal.jvmstat" type="simple" />
            <root url="jrt://$USER_HOME$/.gradle/jdks/eclipse_adoptium-18-amd64-linux/jdk-18.0.2.1+1!/jdk.internal.le" type="simple" />
            <root url="jrt://$USER_HOME$/.gradle/jdks/eclipse_adoptium-18-amd64-linux/jdk-18.0.2.1+1!/jdk.internal.opt" type="simple" />
            <root url="jrt://$USER_HOME$/.gradle/jdks/eclipse_adoptium-18-amd64-linux/jdk-18.0.2.1+1!/jdk.internal.vm.ci" type="simple" />
            <root url="jrt://$USER_HOME$/.gradle/jdks/eclipse_adoptium-18-amd64-linux/jdk-18.0.2.1+1!/jdk.internal.vm.compiler" type="simple" />
            <root url="jrt://$USER_HOME$/.gradle/jdks/eclipse_adoptium-18-amd64-linux/jdk-18.0.2.1+1!/jdk.internal.vm.compiler.management" type="simple" />
            <root url="jrt://$USER_HOME$/.gradle/jdks/eclipse_adoptium-18-amd64-linux/jdk-18.0.2.1+1!/jdk.jartool" type="simple" />
            <root url="jrt://$USER_HOME$/.gradle/jdks/eclipse_adoptium-18-amd64-linux/jdk-18.0.2.1+1!/jdk.javadoc" type="simple" />
            <root url="jrt://$USER_HOME$/.gradle/jdks/eclipse_adoptium-18-amd64-linux/jdk-18.0.2.1+1!/jdk.jcmd" type="simple" />
            <root url="jrt://$USER_HOME$/.gradle/jdks/eclipse_adoptium-18-amd64-linux/jdk-18.0.2.1+1!/jdk.jconsole" type="simple" />
            <root url="jrt://$USER_HOME$/.gradle/jdks/eclipse_adoptium-18-amd64-linux/jdk-18.0.2.1+1!/jdk.jdeps" type="simple" />
            <root url="jrt://$USER_HOME$/.gradle/jdks/eclipse_adoptium-18-amd64-linux/jdk-18.0.2.1+1!/jdk.jdi" type="simple" />
            <root url="jrt://$USER_HOME$/.gradle/jdks/eclipse_adoptium-18-amd64-linux/jdk-18.0.2.1+1!/jdk.jdwp.agent" type="simple" />
            <root url="jrt://$USER_HOME$/.gradle/jdks/eclipse_adoptium-18-amd64-linux/jdk-18.0.2.1+1!/jdk.jfr" type="simple" />
            <root url="jrt://$USER_HOME$/.gradle/jdks/eclipse_adoptium-18-amd64-linux/jdk-18.0.2.1+1!/jdk.jlink" type="simple" />
            <root url="jrt://$USER_HOME$/.gradle/jdks/eclipse_adoptium-18-amd64-linux/jdk-18.0.2.1+1!/jdk.jpackage" type="simple" />
            <root url="jrt://$USER_HOME$/.gradle/jdks/eclipse_adoptium-18-amd64-linux/jdk-18.0.2.1+1!/jdk.jshell" type="simple" />
            <root url="jrt://$USER_HOME$/.gradle/jdks/eclipse_adoptium-18-amd64-linux/jdk-18.0.2.1+1!/jdk.jsobject" type="simple" />
            <root url="jrt://$USER_HOME$/.gradle/jdks/eclipse_adoptium-18-amd64-linux/jdk-18.0.2.1+1!/jdk.jstatd" type="simple" />
            <root url="jrt://$USER_HOME$/.gradle/jdks/eclipse_adoptium-18-amd64-linux/jdk-18.0.2.1+1!/jdk.localedata" type="simple" />
            <root url="jrt://$USER_HOME$/.gradle/jdks/eclipse_adoptium-18-amd64-linux/jdk-18.0.2.1+1!/jdk.management" type="simple" />
            <root url="jrt://$USER_HOME$/.gradle/jdks/eclipse_adoptium-18-amd64-linux/jdk-18.0.2.1+1!/jdk.management.agent" type="simple" />
            <root url="jrt://$USER_HOME$/.gradle/jdks/eclipse_adoptium-18-amd64-linux/jdk-18.0.2.1+1!/jdk.management.jfr" type="simple" />
            <root url="jrt://$USER_HOME$/.gradle/jdks/eclipse_adoptium-18-amd64-linux/jdk-18.0.2.1+1!/jdk.naming.dns" type="simple" />
            <root url="jrt://$USER_HOME$/.gradle/jdks/eclipse_adoptium-18-amd64-linux/jdk-18.0.2.1+1!/jdk.naming.rmi" type="simple" />
            <root url="jrt://$USER_HOME$/.gradle/jdks/eclipse_adoptium-18-amd64-linux/jdk-18.0.2.1+1!/jdk.net" type="simple" />
            <root url="jrt://$USER_HOME$/.gradle/jdks/eclipse_adoptium-18-amd64-linux/jdk-18.0.2.1+1!/jdk.nio.mapmode" type="simple" />
            <root url="jrt://$USER_HOME$/.gradle/jdks/eclipse_adoptium-18-amd64-linux/jdk-18.0.2.1+1!/jdk.random" type="simple" />
            <root url="jrt://$USER_HOME$/.gradle/jdks/eclipse_adoptium-18-amd64-linux/jdk-18.0.2.1+1!/jdk.sctp" type="simple" />
            <root url="jrt://$USER_HOME$/.gradle/jdks/eclipse_adoptium-18-amd64-linux/jdk-18.0.2.1+1!/jdk.security.auth" type="simple" />
            <root url="jrt://$USER_HOME$/.gradle/jdks/eclipse_adoptium-18-amd64-linux/jdk-18.0.2.1+1!/jdk.security.jgss" type="simple" />
            <root url="jrt://$USER_HOME$/.gradle/jdks/eclipse_adoptium-18-amd64-linux/jdk-18.0.2.1+1!/jdk.unsupported" type="simple" />
            <root url="jrt://$USER_HOME$/.gradle/jdks/eclipse_adoptium-18-amd64-linux/jdk-18.0.2.1+1!/jdk.unsupported.desktop" type="simple" />
            <root url="jrt://$USER_HOME$/.gradle/jdks/eclipse_adoptium-18-amd64-linux/jdk-18.0.2.1+1!/jdk.xml.dom" type="simple" />
            <root url="jrt://$USER_HOME$/.gradle/jdks/eclipse_adoptium-18-amd64-linux/jdk-18.0.2.1+1!/jdk.zipfs" type="simple" />
          </root>
        </classPath>
        <javadocPath>
          <root type="composite" />
        </javadocPath>
        <sourcePath>
          <root type="composite">
            <root url="jar://$USER_HOME$/.gradle/jdks/eclipse_adoptium-18-amd64-linux/jdk-18.0.2.1+1/lib/src.zip!/java.se" type="simple" />
            <root url="jar://$USER_HOME$/.gradle/jdks/eclipse_adoptium-18-amd64-linux/jdk-18.0.2.1+1/lib/src.zip!/jdk.jdi" type="simple" />
            <root url="jar://$USER_HOME$/.gradle/jdks/eclipse_adoptium-18-amd64-linux/jdk-18.0.2.1+1/lib/src.zip!/jdk.jfr" type="simple" />
            <root url="jar://$USER_HOME$/.gradle/jdks/eclipse_adoptium-18-amd64-linux/jdk-18.0.2.1+1/lib/src.zip!/jdk.net" type="simple" />
            <root url="jar://$USER_HOME$/.gradle/jdks/eclipse_adoptium-18-amd64-linux/jdk-18.0.2.1+1/lib/src.zip!/java.rmi" type="simple" />
            <root url="jar://$USER_HOME$/.gradle/jdks/eclipse_adoptium-18-amd64-linux/jdk-18.0.2.1+1/lib/src.zip!/java.sql" type="simple" />
            <root url="jar://$USER_HOME$/.gradle/jdks/eclipse_adoptium-18-amd64-linux/jdk-18.0.2.1+1/lib/src.zip!/java.xml" type="simple" />
            <root url="jar://$USER_HOME$/.gradle/jdks/eclipse_adoptium-18-amd64-linux/jdk-18.0.2.1+1/lib/src.zip!/jdk.jcmd" type="simple" />
            <root url="jar://$USER_HOME$/.gradle/jdks/eclipse_adoptium-18-amd64-linux/jdk-18.0.2.1+1/lib/src.zip!/jdk.sctp" type="simple" />
            <root url="jar://$USER_HOME$/.gradle/jdks/eclipse_adoptium-18-amd64-linux/jdk-18.0.2.1+1/lib/src.zip!/java.base" type="simple" />
            <root url="jar://$USER_HOME$/.gradle/jdks/eclipse_adoptium-18-amd64-linux/jdk-18.0.2.1+1/lib/src.zip!/jdk.jdeps" type="simple" />
            <root url="jar://$USER_HOME$/.gradle/jdks/eclipse_adoptium-18-amd64-linux/jdk-18.0.2.1+1/lib/src.zip!/jdk.jlink" type="simple" />
            <root url="jar://$USER_HOME$/.gradle/jdks/eclipse_adoptium-18-amd64-linux/jdk-18.0.2.1+1/lib/src.zip!/jdk.zipfs" type="simple" />
            <root url="jar://$USER_HOME$/.gradle/jdks/eclipse_adoptium-18-amd64-linux/jdk-18.0.2.1+1/lib/src.zip!/java.prefs" type="simple" />
            <root url="jar://$USER_HOME$/.gradle/jdks/eclipse_adoptium-18-amd64-linux/jdk-18.0.2.1+1/lib/src.zip!/jdk.attach" type="simple" />
            <root url="jar://$USER_HOME$/.gradle/jdks/eclipse_adoptium-18-amd64-linux/jdk-18.0.2.1+1/lib/src.zip!/jdk.jshell" type="simple" />
            <root url="jar://$USER_HOME$/.gradle/jdks/eclipse_adoptium-18-amd64-linux/jdk-18.0.2.1+1/lib/src.zip!/jdk.jstatd" type="simple" />
            <root url="jar://$USER_HOME$/.gradle/jdks/eclipse_adoptium-18-amd64-linux/jdk-18.0.2.1+1/lib/src.zip!/jdk.random" type="simple" />
            <root url="jar://$USER_HOME$/.gradle/jdks/eclipse_adoptium-18-amd64-linux/jdk-18.0.2.1+1/lib/src.zip!/java.naming" type="simple" />
            <root url="jar://$USER_HOME$/.gradle/jdks/eclipse_adoptium-18-amd64-linux/jdk-18.0.2.1+1/lib/src.zip!/jdk.editpad" type="simple" />
            <root url="jar://$USER_HOME$/.gradle/jdks/eclipse_adoptium-18-amd64-linux/jdk-18.0.2.1+1/lib/src.zip!/jdk.jartool" type="simple" />
            <root url="jar://$USER_HOME$/.gradle/jdks/eclipse_adoptium-18-amd64-linux/jdk-18.0.2.1+1/lib/src.zip!/jdk.javadoc" type="simple" />
            <root url="jar://$USER_HOME$/.gradle/jdks/eclipse_adoptium-18-amd64-linux/jdk-18.0.2.1+1/lib/src.zip!/jdk.xml.dom" type="simple" />
            <root url="jar://$USER_HOME$/.gradle/jdks/eclipse_adoptium-18-amd64-linux/jdk-18.0.2.1+1/lib/src.zip!/java.desktop" type="simple" />
            <root url="jar://$USER_HOME$/.gradle/jdks/eclipse_adoptium-18-amd64-linux/jdk-18.0.2.1+1/lib/src.zip!/java.logging" type="simple" />
            <root url="jar://$USER_HOME$/.gradle/jdks/eclipse_adoptium-18-amd64-linux/jdk-18.0.2.1+1/lib/src.zip!/jdk.charsets" type="simple" />
            <root url="jar://$USER_HOME$/.gradle/jdks/eclipse_adoptium-18-amd64-linux/jdk-18.0.2.1+1/lib/src.zip!/jdk.compiler" type="simple" />
            <root url="jar://$USER_HOME$/.gradle/jdks/eclipse_adoptium-18-amd64-linux/jdk-18.0.2.1+1/lib/src.zip!/jdk.dynalink" type="simple" />
            <root url="jar://$USER_HOME$/.gradle/jdks/eclipse_adoptium-18-amd64-linux/jdk-18.0.2.1+1/lib/src.zip!/jdk.jconsole" type="simple" />
            <root url="jar://$USER_HOME$/.gradle/jdks/eclipse_adoptium-18-amd64-linux/jdk-18.0.2.1+1/lib/src.zip!/jdk.jpackage" type="simple" />
            <root url="jar://$USER_HOME$/.gradle/jdks/eclipse_adoptium-18-amd64-linux/jdk-18.0.2.1+1/lib/src.zip!/jdk.jsobject" type="simple" />
            <root url="jar://$USER_HOME$/.gradle/jdks/eclipse_adoptium-18-amd64-linux/jdk-18.0.2.1+1/lib/src.zip!/java.compiler" type="simple" />
            <root url="jar://$USER_HOME$/.gradle/jdks/eclipse_adoptium-18-amd64-linux/jdk-18.0.2.1+1/lib/src.zip!/java.net.http" type="simple" />
            <root url="jar://$USER_HOME$/.gradle/jdks/eclipse_adoptium-18-amd64-linux/jdk-18.0.2.1+1/lib/src.zip!/jdk.crypto.ec" type="simple" />
            <root url="jar://$USER_HOME$/.gradle/jdks/eclipse_adoptium-18-amd64-linux/jdk-18.0.2.1+1/lib/src.zip!/java.scripting" type="simple" />
            <root url="jar://$USER_HOME$/.gradle/jdks/eclipse_adoptium-18-amd64-linux/jdk-18.0.2.1+1/lib/src.zip!/jdk.httpserver" type="simple" />
            <root url="jar://$USER_HOME$/.gradle/jdks/eclipse_adoptium-18-amd64-linux/jdk-18.0.2.1+1/lib/src.zip!/jdk.jdwp.agent" type="simple" />
            <root url="jar://$USER_HOME$/.gradle/jdks/eclipse_adoptium-18-amd64-linux/jdk-18.0.2.1+1/lib/src.zip!/jdk.localedata" type="simple" />
            <root url="jar://$USER_HOME$/.gradle/jdks/eclipse_adoptium-18-amd64-linux/jdk-18.0.2.1+1/lib/src.zip!/jdk.management" type="simple" />
            <root url="jar://$USER_HOME$/.gradle/jdks/eclipse_adoptium-18-amd64-linux/jdk-18.0.2.1+1/lib/src.zip!/jdk.naming.dns" type="simple" />
            <root url="jar://$USER_HOME$/.gradle/jdks/eclipse_adoptium-18-amd64-linux/jdk-18.0.2.1+1/lib/src.zip!/jdk.naming.rmi" type="simple" />
            <root url="jar://$USER_HOME$/.gradle/jdks/eclipse_adoptium-18-amd64-linux/jdk-18.0.2.1+1/lib/src.zip!/java.instrument" type="simple" />
            <root url="jar://$USER_HOME$/.gradle/jdks/eclipse_adoptium-18-amd64-linux/jdk-18.0.2.1+1/lib/src.zip!/java.management" type="simple" />
            <root url="jar://$USER_HOME$/.gradle/jdks/eclipse_adoptium-18-amd64-linux/jdk-18.0.2.1+1/lib/src.zip!/java.sql.rowset" type="simple" />
            <root url="jar://$USER_HOME$/.gradle/jdks/eclipse_adoptium-18-amd64-linux/jdk-18.0.2.1+1/lib/src.zip!/java.xml.crypto" type="simple" />
            <root url="jar://$USER_HOME$/.gradle/jdks/eclipse_adoptium-18-amd64-linux/jdk-18.0.2.1+1/lib/src.zip!/jdk.internal.ed" type="simple" />
            <root url="jar://$USER_HOME$/.gradle/jdks/eclipse_adoptium-18-amd64-linux/jdk-18.0.2.1+1/lib/src.zip!/jdk.internal.le" type="simple" />
            <root url="jar://$USER_HOME$/.gradle/jdks/eclipse_adoptium-18-amd64-linux/jdk-18.0.2.1+1/lib/src.zip!/jdk.nio.mapmode" type="simple" />
            <root url="jar://$USER_HOME$/.gradle/jdks/eclipse_adoptium-18-amd64-linux/jdk-18.0.2.1+1/lib/src.zip!/jdk.unsupported" type="simple" />
            <root url="jar://$USER_HOME$/.gradle/jdks/eclipse_adoptium-18-amd64-linux/jdk-18.0.2.1+1/lib/src.zip!/java.smartcardio" type="simple" />
            <root url="jar://$USER_HOME$/.gradle/jdks/eclipse_adoptium-18-amd64-linux/jdk-18.0.2.1+1/lib/src.zip!/jdk.internal.opt" type="simple" />
            <root url="jar://$USER_HOME$/.gradle/jdks/eclipse_adoptium-18-amd64-linux/jdk-18.0.2.1+1/lib/src.zip!/java.datatransfer" type="simple" />
            <root url="jar://$USER_HOME$/.gradle/jdks/eclipse_adoptium-18-amd64-linux/jdk-18.0.2.1+1/lib/src.zip!/jdk.accessibility" type="simple" />
            <root url="jar://$USER_HOME$/.gradle/jdks/eclipse_adoptium-18-amd64-linux/jdk-18.0.2.1+1/lib/src.zip!/jdk.hotspot.agent" type="simple" />
            <root url="jar://$USER_HOME$/.gradle/jdks/eclipse_adoptium-18-amd64-linux/jdk-18.0.2.1+1/lib/src.zip!/jdk.security.auth" type="simple" />
            <root url="jar://$USER_HOME$/.gradle/jdks/eclipse_adoptium-18-amd64-linux/jdk-18.0.2.1+1/lib/src.zip!/jdk.security.jgss" type="simple" />
            <root url="jar://$USER_HOME$/.gradle/jdks/eclipse_adoptium-18-amd64-linux/jdk-18.0.2.1+1/lib/src.zip!/java.security.jgss" type="simple" />
            <root url="jar://$USER_HOME$/.gradle/jdks/eclipse_adoptium-18-amd64-linux/jdk-18.0.2.1+1/lib/src.zip!/java.security.sasl" type="simple" />
            <root url="jar://$USER_HOME$/.gradle/jdks/eclipse_adoptium-18-amd64-linux/jdk-18.0.2.1+1/lib/src.zip!/jdk.internal.vm.ci" type="simple" />
            <root url="jar://$USER_HOME$/.gradle/jdks/eclipse_adoptium-18-amd64-linux/jdk-18.0.2.1+1/lib/src.zip!/jdk.management.jfr" type="simple" />
            <root url="jar://$USER_HOME$/.gradle/jdks/eclipse_adoptium-18-amd64-linux/jdk-18.0.2.1+1/lib/src.zip!/java.management.rmi" type="simple" />
            <root url="jar://$USER_HOME$/.gradle/jdks/eclipse_adoptium-18-amd64-linux/jdk-18.0.2.1+1/lib/src.zip!/java.transaction.xa" type="simple" />
            <root url="jar://$USER_HOME$/.gradle/jdks/eclipse_adoptium-18-amd64-linux/jdk-18.0.2.1+1/lib/src.zip!/jdk.crypto.cryptoki" type="simple" />
            <root url="jar://$USER_HOME$/.gradle/jdks/eclipse_adoptium-18-amd64-linux/jdk-18.0.2.1+1/lib/src.zip!/jdk.incubator.vector" type="simple" />
            <root url="jar://$USER_HOME$/.gradle/jdks/eclipse_adoptium-18-amd64-linux/jdk-18.0.2.1+1/lib/src.zip!/jdk.internal.jvmstat" type="simple" />
            <root url="jar://$USER_HOME$/.gradle/jdks/eclipse_adoptium-18-amd64-linux/jdk-18.0.2.1+1/lib/src.zip!/jdk.management.agent" type="simple" />
            <root url="jar://$USER_HOME$/.gradle/jdks/eclipse_adoptium-18-amd64-linux/jdk-18.0.2.1+1/lib/src.zip!/jdk.incubator.foreign" type="simple" />
            <root url="jar://$USER_HOME$/.gradle/jdks/eclipse_adoptium-18-amd64-linux/jdk-18.0.2.1+1/lib/src.zip!/jdk.unsupported.desktop" type="simple" />
            <root url="jar://$USER_HOME$/.gradle/jdks/eclipse_adoptium-18-amd64-linux/jdk-18.0.2.1+1/lib/src.zip!/jdk.internal.vm.compiler" type="simple" />
            <root url="jar://$USER_HOME$/.gradle/jdks/eclipse_adoptium-18-amd64-linux/jdk-18.0.2.1+1/lib/src.zip!/jdk.internal.vm.compiler.management" type="simple" />
          </root>
        </sourcePath>
      </roots>
      <additional />
    </jdk>
    <jdk version="2">
      <name value="Kotlin SDK" />
      <type value="KotlinSDK" />
      <homePath value="" />
      <roots>
        <annotationsPath>
          <root type="composite" />
        </annotationsPath>
        <classPath>
          <root type="composite" />
        </classPath>
        <javadocPath>
          <root type="composite" />
        </javadocPath>
        <sourcePath>
          <root type="composite" />
        </sourcePath>
      </roots>
      <additional />
    </jdk>
  </component>
</application>