<application>
  <component name="ProjectManager">
    <defaultProject>
      <component name="PropertiesComponent"><![CDATA[{
  "keyToString": {
    "settings.editor.selected.configurable": "preferences.lookFeel"
  }
}]]></component>
      <component name="WindowStateProjectService">
        <state x="464" y="88" key="SettingsEditor" timestamp="1698521629089">
          <screen x="0" y="0" width="1920" height="1036" />
        </state>
        <state x="464" y="88" key="SettingsEditor/0.0.1920.1036" timestamp="1698521629089" />
      </component>
    </defaultProject>
  </component>
</application>